# Domain Level Redirects
http://support.rackspace.com/*   http://docs.rackspace.com/support/:splat  301!
https://support.rackspace.com/*   https://docs.rackspace.com/support/:splat  301!
https://www.support.rackspace.com/*  https://docs.rackspace.com/support/:splat  301!

https://www.docs.rackspace.com/*    https://docs.rackspace.com/:splat       301!

/favicon.ico     /favicons/favicon.ico  301!
/support/favicon.ico    /favicons/favicon.ico  301!
/support/robots.txt     /robots.txt     301!

https://developer.rackspace.com/*   http://docs.rackspace.com/:splat  301!
https://www.developer.rackspace.com/*     http://docs.rackspace.com/:splat  301!

/blog/*     https://docs-technical-blog.netlify.app/blog/:splat  200!
/support/*  https://docs-support-how-to.netlify.app/support/:splat  200!

# Solution Docs Redirects
/docs   https://solution-docs-homepage.netlify.app/     200

# Portal Onboarding guide Redirects
/docs/portal-onboarding-guide/*      https://docs-portal-onboarding-guide.netlify.app/docs/portal-onboarding-guide/:splat         200

# Customer Service
/docs/customer-service/v1/*      https://docs-customer-service.netlify.app/:splat         200

# Cloud Servers
/docs/cloud-servers/v2/*       https://docs-cloud-servers.netlify.app/docs/cloud-servers/v2/:splat       200

# Colocation guide
/docs/docs-colocation-guide/*      https://docs-colocation-guide.netlify.app/docs/docs-colocation-guide/:splat      200

# Quick start
/docs/cloud-servers/quickstart/*      https://docs-quickstart.netlify.app/cloud-servers/quickstart/:splat     200

/docs/cloud-images/quickstart/*        https://docs-quickstart.netlify.app/cloud-images/quickstart/:splat        200

/docs/cloud-networks/quickstart/*      https://docs-quickstart.netlify.app/cloud-networks/quickstart/:splat        200  

/docs/cloud-load-balancers/quickstart/*      https://docs-quickstart.netlify.app/cloud-load-balancers/quickstart/:splat    200  

/docs/cloud-dns/quickstart/*       https://docs-quickstart.netlify.app/cloud-dns/quickstart/:splat     200

/docs/cloud-block-storage/quickstart/*     https://docs-quickstart.netlify.app/cloud-block-storage/quickstart/:splat   200

/docs/cloud-files/quickstart/*        https://docs-quickstart.netlify.app/cloud-files/quickstart/:splat        200

/docs/cdn/quickstart/*     https://docs-quickstart.netlify.app/cdn/quickstart/:splat       200

/docs/cloud-databases/quickstart/*     https://docs-quickstart.netlify.app/cloud-databases/quickstart/:splat   200

/docs/auto-scale/quickstart/*      https://docs-quickstart.netlify.app/auto-scale/quickstart/:splat      200

/docs/rackspace-monitoring/quickstart/*        https://docs-quickstart.netlify.app/rackspace-monitoring/quickstart/:splat      200

/docs/cloud-identity/quickstart/*      https://docs-quickstart.netlify.app/cloud-identity/quickstart/:splat    200

/docs/cloud-queues/quickstart/*        https://docs-quickstart.netlify.app/cloud-queues/quickstart/:splat      200

/docs/orchestration/quickstart/*       https://docs-quickstart.netlify.app/orchestration/quickstart/:splat     200



# Service Blocks Redirects
/docs/service-blocks/*      https://docs-service-blocks.netlify.app/docs/service-blocks/:splat      200

# RAS Redirects
/docs/ras-databases/*      https://docs-ras-databases.netlify.app/docs/ras-databases/:splat      200

# AWS Redirects
/docs/fanatical-support-aws/*    https://docs-aws.netlify.app/docs/fanatical-support-aws/:splat    200

# GCP Redirects
/docs/fanatical-support-gcp/*    https://docs-gcp.netlify.app/docs/fanatical-support-gcp/:splat    200

# DXP Redirects
/docs/dxp-customer-handbook/*    https://docs-dxp-handbook.netlify.app/docs/dxp-customer-handbook/:splat    200

# Rackspace Federation
/docs/rackspace-federation/*    https://docs-rackspace-federation.netlify.app/docs/rackspace-federation/:splat    200

# RPC VMWare
/docs/rpc-vmware/*  https://rpc-vmware--rpc-vmware.netlify.app/docs/rpc-vmware/:splat    200
/doc/rpc-vmware/*  https://vmware-cloud--rpc-vmware.netlify.app/doc/rpc-vmware/:splat    200
/docs/docs-vmware-server-virt/*     https://server-virtbook--rpc-vmware.netlify.app/docs/docs-vmware-server-virt/:splat     200
/docs/docs-vmware-server-virt/server-virt-handbook/*     https://rxt-docs-server-virt.netlify.app/docs/docs-vmware-server-virt/:splat     200

# Red-hat

/docs/private-cloud/red-hat/*     https://docs-redhat-osp.netlify.app/docs/private-cloud/red-hat/:splat     200

# Private Cloud Docs

/docs/private-cloud/rpc/v17/*       https://v17--privatecloud-docs.netlify.app/docs/private-cloud/rpc/v17/:splat      200

/docs/private-cloud/rpc/v16/*       https://v16--privatecloud-docs.netlify.app/docs/private-cloud/rpc/v16/:splat      200

/docs/private-cloud/rpc/v14/*       https://v14--privatecloud-docs.netlify.app/docs/private-cloud/rpc/v14/:splat      200

/docs/private-cloud/rpc/v13/*       https://v13--privatecloud-docs.netlify.app/docs/private-cloud/rpc/v13/:splat      200

# Cloud orchestration
/docs/cloud-orchestration/v1/*          https://docs-cloud-orchestration.netlify.app/docs/cloud-orchestration/v1/:splat     200

# Cloud Networks
/docs/cloud-networks/v2/*       https://docs-cloud-networks.netlify.app/docs/cloud-networks/v2/:splat   200

# Cloud monitoring
/docs/rackspace-monitoring/v1/*     https://docs-cloud-monitoring.netlify.app/docs/rackspace-monitoring/v1/:splat       200

# Cloud Metrics
/docs/metrics/v2/*      https://docs-cloud-metrics.netlify.app/docs/metrics/v2/:splat       200

# Cloud Load Balancers
/docs/cloud-load-balancers/v1/*     https://docs-cloud-load-balancers.netlify.app/docs/cloud-load-balancers/v1/:splat       200

# Cloud Images
/docs/cloud-images/v2/*      https://docs-cloud-images.netlify.app/docs/cloud-images/v2/:splat      200

# Cloud identity
/docs/cloud-identity/v2/*       https://docs-cloud-identity.netlify.app/docs/cloud-identity/v2/:splat       200

# Cloud Files
/docs/cloud-files/v1/*      https://docs-cloud-files.netlify.app/docs/cloud-files/v1/:splat     200

# Cloud DNS 
/docs/cloud-dns/v1/*        https://docs-cloud-dns.netlify.app/docs/cloud-dns/v1/:splat         200

# Cloud databases
/docs/cloud-databases/v1/*      https://docs-cloud-databases.netlify.app/docs/cloud-databases/v1/:splat         200

# Cloud CDN 
/docs/cdn/v1/*      https://docs-cloud-cdn.netlify.app/docs/cdn/v1/:splat    200

# Cloud Block Storage 
/docs/cloud-block-storage/v1/*       https://docs-cloud-block-storage.netlify.app/docs/cloud-block-storage/v1/:splat     200

# Cloud Backup
/docs/cloud-backup/v1/*         https://docs-cloud-backup.netlify.app/docs/cloud-backup/v1/:splat       200

# Infra User guide
/docs/user-guides/infrastructure/*      https://docs-core-infra-user-guide.netlify.app/docs/user-guides/infrastructure/:splat       200

# MPC Hyper-V
/docs/microsoft-hyper-v/hyper-v-handbook/*      https://mpc-hyper-v.netlify.app/docs/microsoft-hyper-v/hyper-v-handbook/:splat      200

# Billing API Guide
/docs/billing-apiguide/v2/*      https://docs-billing-apiguide.netlify.app/docs/billing-apiguide/v2/:splat      200

# Cloud Rackconnect
/docs/rackconnect/v3/developer-guide/*      https://docs-cloud-rackconnect.netlify.app/docs/rackconnect/v3/developer-guide/:splat       200

# Dedicated Networking
/docs/dedicated-load-balancers/v2/*      https://docs-dedicated-networking.netlify.app/docs/dedicated-load-balancers/v2/:splat   200

# SDP
/docs/ticketing/*       https://docs-sdp.netlify.app/docs/ticketing/:splat      200

# Style Guide
/docs/style-guide/*     https://docs-style-guide.netlify.app/docs/style-guide/:splat        200

# Heat Resource Ref
/docs/cloud-orchestration/v1/resources-reference/*      https://heat-resource-ref.netlify.app/docs/cloud-orchestration/v1/resources-reference/:splat        200

# RS Heat Docs
/docs/user-guides/orchestration/*       https://rs-heat-docs.netlify.app/docs/user-guides/orchestration/:splat      200

# Cloud Feeds 
/docs/cloud-feeds/v1/developer-guide/*      https://standard-usage-schemas.netlify.app/docs/cloud-feeds/v1/developer-guide/:splat       200


# Autoscale
/docs/autoscale/v1/developer-guide/*        https://otter.netlify.app/docs/autoscale/v1/developer-guide/:splat    200

# 404 Redirects

/docs/docs-service-blocks/*    /docs/service-blocks/:splat     301

# Main Redirects
/docs/*     https://api.rackspace.com/docs/:splat      200
/sdks/*        https://api.rackspace.com/sdks/:splat      200
/doc/*      https://api.rackspace.com/doc/:splat    200
/databases/*        https://api.rackspace.com/databases/:splat      200
